TrackKey,Title,Artist
520750,"Baby, I Love Your Way",Big Mountain
510097299,Weekend,LIZOT
505296315,Sandmann,le Shuuk
528268902,Powiedz mi (kto w tych oczach mieszka),Gromee Feat. Ania Dąbrowska & Abradab
511781500,BUBBLETEA,Quebonafide & Duit Feat. Daria Zawiałow
116226503,Love Is A Sandstorm (Explicit),DJ Crazy J Rodriguez
263237,Leave A Light On,Belinda Carlisle
5229584,Down Under,Men At Work
505297285,Lonely,Joel Corry
506736309,Run Away (Klaas Original Mix),Shaun Baker Feat. Jessica Jean
130500458,Summer (R3hab & Ummet Ozcan Remix),Calvin Harris
478368366,Scatman,Da Tweekaz
463874642,Stars,VIZE Feat. Laniia
476820978,Frequency 75,DJ Snake
462599767,bad guy,Billie Eilish
409596518,Wonderland,C-BooL
339588236,Talizman,Kamil Bednarek
506003940,In Your Eyes,Robin Schulz Feat. Alida
416356,Hello World,Belle Perez
470226745,Señorita,Shawn Mendes & Camila Cabello
312509,Don't Go,Yazoo
492554067,Cold,Anatoly Boardman
462265822,Con Calma (Salsa Remix),Salsa Mix
466040067,Dance Monkey,Tones And I
461728553,Up & Down,Marnik
226218742,Crazy In Love (Remix),Beyoncé
336129150,Intercontinental Bajers,Solar & Białas
42001839,Love Message (Klubbstylerz Remix),Dj Klubbingman Feat. Trixi Delga
45143494,Me Love,Sean Kingston
267041500,The Hills,The Weeknd
51179187,Pass Out,Tinie Tempah
48006371,Bonkers,Dizzee Rascal & Armand Van Helden
41343004,Push The Button,Sugababes
469560973,Outta My Head,THRDL!FE & SLEEPWALKRS
406444507,Cooler Than Me,Lucky Luke
404602813,Drunk Groove (Kolya Funk & Mephisto Remix),Maruv & Boosin
332342085,Jump Around,Majlo
46465654,La Cintura,Latin Band
268446340,Money,SimenB
458319686,Tempo,Margaret
79186074,Trumpsta (DJuro Remix),Contiez Feat. Treyy G
310300106,Love On The Brain,Rihanna
462040614,Is This Love,Komodo Feat. Michael Shynes
451003823,Get Up,Tujamo
444195425,Freed From Desire,Drenchill Feat. Indiiana
87572679,A Little Party Never Killed Nobody (All We Got),Fergie Feat. Q-Tip & GoonRock
378815628,Розовое Вино (Denis Bravo Remix),Элджей & Feduk
427958367,Moonlight,Gaullin
445360851,Не Онлайн (Stanislav House & Kai Rees Remix),Тима Белорусских
332438269,Rockabye,Clean Bandit Feat. Sean Paul & Anne-Marie
433222934,"Gucci, Louis",Claphead
430125803,One Last Time,Gromee Feat. Jesper Jenset
51843392,All I Do Is Win,"DJ Khaled Feat. T-Pain, Ludacris, Snoop Dogg & Rick Ross"
83211793,Pogo (Deorro Remix),Laidback Luke Feat. Majestic
417421247,Jackie Chan,Tiësto & Dzeko Feat. Preme & Post Malone
431298837,Bigroom Never Dies,Hardwell & Blasterjaxx Feat. Mitch Crown
433747528,Wow,Tiësto
67511729,Played-A (Bootleg Mix),The Real Booty Babes
362324910,Great Spirit (Wildstylez Remix),Armin Van Buuren & Vini Vici Feat. Hilight Tribe
401662568,For You (Fifty Shades Freed),Liam Payne & Rita Ora
339528283,Helium,Sia
406085553,Mad Love,Sean Paul & David Guetta Feat. Becky G
383727904,In My Mind,Dynoro & Gigi D’Agostino
20016507,Désenchantée (Extended Mix),Kate Ryan
254542248,Muzik No Stop (Hard Style Mix),Moratto
318300474,Do It Right,Martin Solveig Feat. Tkay Maidza
243847122,Yeah Yeah Yeah,Jax Jones
337202397,Issues,Julia Michaels
60317354,Turn Up The Love,Far East Movement Feat. Cover Drive
368965110,It's My Life (Tunesquad Remix),Bon Jovi
345247598,The Ghost,NIVIRO
422425149,Silence (Dzeko Remix),Delerium Feat. Sarah McLachlan
264422556,Show Me,Tiësto & DallasK
403597161,Azukita,"Steve Aoki Feat. Daddy Yankee, Elvis Crespo, Play-N-Skillz"
329540048,Without You,Avicii Feat. Sandro Cavazza
332574856,Szaman,Paluch
328951131,The Greatest,Sia
316831793,Faded (Tiesto's Northern Lights Remix),Alan Walker
315614011,Kuda (Vanina Buniak Remix),John P
413445538,Pump It Up,"Nari, Pain, Tava & Luciana"
89397803,All Of Me,John Legend
430462178,Fresh,Vee Brondi & Mathias D.
404269709,Riverside (Reloaded),Tujamo & Sidney Samson
11232070,P.I.M.P.,50 Cent
337936013,Diamonds,Afrojack & Jay Karama
50138750,Easy Lady (Nicola Fasano & Steve Forest Remix),Spagna
403221904,Colours Of The Night (Extended),Wildstylez
382250044,La Louze,SHANGUY
252128388,Peanut Butter Jelly,Galantis
335068952,No Lie,Sean Paul Feat. Dua Lipa
142457116,3 Am.,Lalos
281933830,Angela (Instrumental Mix),Hasenchat Music
419208135,Blah Blah Blah,Armin Van Buuren
339020831,Party Till We Die (Extended Mix),MAKJ & Timmy Trumpe
152402120,Song 2,Booty Vibes
368965109,Song 2 (Chunky Dip & Holly-J Remix),Blur
48025442,Song 1 Vs Bucky,F**k U Very Much
71198625,Biene Maya,Daniel Levez
99250167,Nowhere To Hide (Original Mix),Acynd
48651466,The Hypno,Floorfilla
58282905,Language (Extended Mix),Porter Robinson
384598645,Drunk Groove,MARUV & BOOSIN
404879836,Ready For The Bounce,I.GOT.U & DNF
409292404,Work Of Paint (Original Mix),Gamgsta
239067086,Deep Down Low,Valentino Khan
299636806,Can You Feel It (Bounce Inc Instrumental Remix),Sean Finn
56194785,Someone (Adrian Ivan Remix),George Acosta
410751029,God Is A Girl (Extended Mix),W&W & Groove Coverage
61761646,Blue Coast (Red Eye Mix),Several Spirits
332358220,Gorilla,Will Sparks & Tyron Hapi & Luciana
78873824,Hypertronic (Tradelove Remix),Mind Electric
283156824,L'amour Toujours (Tiësto Edit),Dzeko & Torres Feat. Delaney Jane
40947069,Narcotic (Originalmix),Potatoheadz Feat. Lizzy Pattinson
5907703,Paradise (Nu Gray Mix),Fridge
330069946,Sorry For My Lifetime Teen Spirit Mark Wilde Mashup,BlackoutMusic
371513094,La Cancion (Amice Remix),Tim3bomb
401170101,Take On Me (Hbz Bounce Remix),A-Ha
20067872,Rendez-Vous (Superstring Remix),Culture Beat
315577583,Bomba (Original Mix),DJ Wolf
299636795,Can You Feel It (Bounce Inc Instrumental Remix Edit),Sean Finn
414002298,Rising Sun,Helizahr Jhaston
266451901,Play My Drum,Sandra Lyng
379930824,Deja-Vu (Extended Version),Timmy Trumpet & Savage
147810614,Pony,Fluke Nukes
98778127,Cookie,R. Kelly
40650538,Candy Shop,50 Cent Feat. Olivia
357237110,Tokyo Drift (KVSH REMIX),Teriyaki Boyz
58836948,Outbreak (Original Mix),Chris & Matt Kidd
101595325,Bleed,Timmy Trumpet & SCNDL
155259288,Lower Frequencies (Original Mix),Rinkadink & Lost Angels
47752555,Muy Bien (Darkrow Mix),Tiago S
403046940,What A Feeling.Flashdance,Sound Of Legend
308584797,Crazy In Love (Instrumental Mix),Fél Carter
54339280,No Stress (Plastik Funk Remix),Laurent Wolf
238576,You Give Love A Bad Name,Bon Jovi
337508270,Droppers,BROHUG
379072071,Funky,DNF
95079583,Step Forward (Another World Remix),Simon Moon
385447978,Selecta (Extended Mix),Mikro
345312801,Mam Wyjebane,Qbik
89632033,Electrostep,Tenka
342514741,Perfect,Ed Sheeran
384533314,Does It Matter,Janieck
401898236,That Way,SDJM & Conor Maynard
383624671,Salad Dressing,Borgore & Bella Thorne
40958381,Antes Muerta Que Sencilla,Maria Isabel
41255540,Pokito Theme,Pokito
68026551,Dienen (Single Version),Ich + Ich
40768102,Gasolina (Club Dy Bikes),Papa A.P.
40341384,Sientelo (Motivo Short Mix),Speedy Feat. Lumidee
40380182,Enamorame,Papi Sánchez
41005714,Ilarie (Radio Version),Las Chicas International
40956901,Loco,Pachanga
40839937,Take It,Tom Novy & Lima
43116663,Dubi Dam Dam/Space Cowboy (Medley),Banaroo
40812984,Un Monde Parfait,Ilona Mitrecey
41162608,"Shake Your Balla (1,2,3 Alarma;Extended Mix)",Hot Banditoz
40839563,Axel F,Crazy Frog
40996615,Hot In Herre,The BossHoss
40964718,Heartbreaker,Bluelagoon
40981075,Im Wahlkampf Vor Mir (Zonenmädchen),Die Gerd-Show
40916895,Why,DJ Sammy
41162609,Oye El Boom,Loona
40621311,Boroboro,Arash
40660798,Lonely,Akon
41274214,Maria (Single Edit),US5
296922230,Zulu (Original),Matt Watkins
79985158,Eat God See Acid (Stevie Mink Remix),TJR
10039275,Dolce Vita,Ryan Paris
363231774,La Cancion,Tim3bomb
381226567,Come Back,Relanium & Deen West & L-Dis
293541,C'est La Vie (Always 21),Ace Of Base
330311,We Built This City,Starship
5194926,Get Get Down,Paul Johnson
330757035,Believer,Major Lazer & Showtek
157073241,Elastic Heart,Sia
3176111,I Was Made For Lovin' You,Kiss
54798408,Comment Ça Va (English Language Version),The Shorts
353947233,More Than You Know,Axwell /\ Ingrosso
3007373,I'd Love You To Want Me,Marcel Romanoff
251776,Our House,Madness
327865500,Sweet Memories,CID & Kaskade
70326311,Poison (Marco Van Bassken Remix),Dj Gollum Feat. Scarlet
342493353,Where U Iz (Chocolate Puma Remix),Fatboy Slim
53063632,I Follow Rivers (The Magician Remix),Lykke Li
368971265,Selecta,MIKRO
111711994,Baila!,KSHMR
58837265,Get Free,Major Lazer Feat. Amber Coffman
81699956,Confusion (Dub),The Pump Panel
358734106,Symphony (Dash Berlin Remix),Clean Bandit Feat. Zara Larsson
356000245,Luminance,Johannes Volk
365309671,Techno Rocker,Base Attack & Bounce Inc.
359624689,Feels,Calvin Harris Feat. Pharrell Williams & Katy Perry & Big Sean
312872901,Cream,Platinum Doug
314900896,Ready,Lucky Charmes Feat. Da Professor
263887077,Rave After Rave,W&W
249042,I Won't Let The Sun Go Down On Me,Nik Kershaw
360511577,Momentum,Don Diablo
340712067,Makj Timmy Trumpet Party Till We Die (Ghosty Remix 2016),DJ Ghosty
366789691,Sick,DNF X I.GOT.U
366698598,You Are,Armin Van Buuren & Sunnery James & Ryan Marciano
349764275,Drums,LOUD ABOUT US!
356577499,Llama In My Living Room,AronChupa & Little Sis Nora
357507378,On The Outside,Cold Blue
88913606,Hard Finger,Lyon
110249787,Topex (Original Mix),Manuel Jimenez
70361090,Atmosphere (Original Mix),H.e.r.o.
341905050,Súbeme La Radio,Enrique Iglesias Feat. Descemer Bueno & Zion & Lennox
311054148,Sub Pielea Mea (Midi Culture Remix),Carla's Dreams
41200421,Ain't No Party (Like An Alcoholic Party),DJ Kicken & Mc-Q
103570155,Ocarina (Rob Nagdalyan Edit),Dimitri Vegas & Like Mike Feat. Wolfpack
332666034,Caribbean Rave (Extended Mix),W&W
103186650,Texas Ranger (Stephane Signore Bonus Remix),Peppelino
138466482,Bliss (Original Mix),Sectivia
323282933,This One’s For You (Kungs Remix;Official Song Uefa Euro 2016),David Guetta Feat. Zara Larsson
45603304,You Spin Me Round (Like A Record),Danzel
61289164,Ultra Sound (Original Mix),DJ Gamez
354842151,Ruke Andela,New Entry
51958119,Cooler Than Me,Mike Posner
329522302,Call On Me (Ryan Riback Remix),Starley
339701986,Bright Rhythm,Mad Teru Rex
154058226,Daylight (Krunk! Remix),Tigerlily & The Only
52675463,Seek Bromance (Avicii's Vocal Edit),Tim Berg
272634883,Waiting For Love (Carnage & Headhunterz Remix),Avicii
281566793,Memories,KSHMR & Bassjackers Feat. Sirah
326216,Forever Young,Alphaville
105206044,Daylight (David Puentez & Dario Rodriguez Remix),Kid Massive & WeSmile & Databoy
151031888,Globo 1.5,Carlos Revuelta Vs. Madari Feat. Vicky Sanchez
65350791,Never Stop (Original Mix),Gitech & James Laben
91178426,Everybody,Mike Candys Feat. Evelyn & Tony T
284940425,Chemicals,Tiësto & Don Diablo Feat. Thomas Troelsen
372703,(I Just) Died In Your Arms,Cutting Crew
386155,Owner Of A Lonely Heart,Yes
45865410,Silence,Hi_Tack
243469,Smooth,Santana Feat. Rob Thomas
40375209,Baila Morena,Zucchero & Maná
261497,I Will Survive,Gloria Gaynor
10076183,To France,Mike Oldfield
612905,Gitan,Garou
10011148,Come Along,Titiyo
20114145,Shut Up,The Black Eyed Peas
216364,Help!,The Beatles
281499,You Got It,Roy Orbison
152466288,California Somnolienta,The Mamas And The Papas
655964,Heart Of Glass,Blondie
5915191,Message In A Bottle,The Police
11188060,Rise & Fall,Craig David Feat. Sting
279532,Born To Be Wild,Steppenwolf
240505,Mrs. Robinson,Simon & Garfunkel
46091529,Destination,The Rudenko Project Feat. Nicco
49850765,Destination,Darius & Finlay
330541,Take My Breath Away,Berlin
52861387,California King Bed,Rihanna
10597836,Mamma Maria,Ricchi E Poveri
5090870,Together Forever,Rick Astley
220506,Under Pressure,Queen & David Bowie
219959,Bohemian Rhapsody,Queen
10640943,Bohemian Rhapsody/Rap-Soda Y Bohemia,Molotov
5606681,Hands Up,Ottawan
249029,The Riddle,Nik Kershaw
41998737,Rockstar,Nickelback
412371,Moonlight Shadow,Mike Oldfield
5163948,Bad,Michael Jackson
11258914,This Love,Maroon 5
45655608,Beggin',Madcon
3007429,Touch By Touch,Joy
46698680,Tonight,Jay Sean
20148026,Je T'aime Moi Non Plus,Serge Gainsbourg & Jane Birkin
383772,The Lady In Red (Re-Recorded Version),Chris De Burgh
46724114,Without You,Chris De Burgh
51753966,Wonderful Life,Hurts
303345,Unchained Melody,The Righteous Brothers
339369,Somethin' Stupid,Frank Sinatra & Nancy Sinatra
56090092,Lilly Was Here,Les Ombres
6006942,Cheri Cheri Lady,Modern Talking
10288485,Hit The Road Jack,Ray Charles
91033455,Ain't A Party (Extended),David Guetta & Glowinthedark Feat. Harrison
45198115,Baby When The Light,David Guetta Feat. Cozi
229707,No Woman No Cry,Boney M.
44961389,The Way I Are,Timbaland Feat. Keri Hilson & D.O.E.
40596860,We Are The World (Demo),Michael Jackson
20123288,Sunshine Reggae,Captain Jack
40341145,Let's Get It Started,The Black Eyed Peas
328644,Self Control,Laura Branigan
5163946,Billie Jean,Michael Jackson
41349142,Arabian Adventure 2,DJ Antoine
55889347,Soul Eater (Geeked Mix),Francko Belagio
154424034,Ramp,Scooter Feat. L.K
264106639,Senor Loco (Alien Cut Remix),Elena Feat. Danny Mazo
107954181,Geronimo,Sheppard
256747883,Involver,Mark Broom
97196021,Rock Me Out (Taito Remix),Bbx
94105626,Booyah,Showtek Feat. We Are Loud & Sonny Wilson
90857924,Right Now (Ralphi Rosario Mix),Rihanna Feat. David Guetta
163875135,Are You Ready (Original Mix),Edher Torres
79432917,Pacific (Original Mix),Weepee
5960922,Vamoz Everybody,Jump & Joy
281279929,Cream,Tujamo & Danny Avila
58908211,Medical Insurance (Original Mix),Leventina
53970594,Ethno Love (Vaffa Superstar Remix),Vaffamix
262737553,Waiting For Love,Avicii
247850176,Miami 2 Ibiza (Markov Defect Remix),Markov Defect & Swedish House Mafia & Tinie Tempah
55747707,Billie Jean (Club Mix),Crew 7 Feat. Geeno Fabulous
265307959,Radiate (Spy Version),Scooter & Vassy
258096535,Springfield (Video Edit),Martin Tungevaag & ItaloBrothers
265912072,Sugar (DJ Favorite & DJ Kharitonov Remix),Maroon 5
44349909,Put Your Hands Up For Detroit,Fedde Le Grand
86945514,Alive,Empire Of The Sun
53724460,People From Ibiza (Main Floor Mix),David Amo & Julio Navas & Mar T
59507559,Echa Pa'lla (Manos Pa'rriba),Pitbull
232735813,Know Yourself,Drake
53707382,Love Is The Icon (Alexei & Carlos Kinn Main Room Mix;Hed Kandi Destination Ibiza 2011 Mixed Version),Alistair Albrecht Feat. BDBB
254225497,Milana (Original Mix),Bukat
55683153,Believe Me 2010 (Vocal Mix),Andrew Ddm & Lucifer Lopez & Christian Baron Feat. Ray Isaac
262887377,#Wokeuplikethis (DJ Antoine Vs. Mad Mark 2k15 Club Mix),DJ Antoine Feat. Storm
270633118,Holiday (DJ Antoine Vs. Mad Mark 2k15 Radio Edit),DJ Antoine Feat. Akon
61667066,Lunar (Original Mix),DJ Vivid
277224051,Break The Rules (Roma Pafos Bootleg),Charli XCX
53656356,Feel So Close,Calvin Harris
44345370,Rock This Party,Bob Sinclar Feat. Cutee B
49684696,Come Fly Away (Rivaz Remix),Benny Benassi Feat. Channing
258598530,Sun Is Shining,Axwell & Ingrosso
92345413,What's Up Suckaz,TJR
261404244,Beautiful Smile,DJ Fill-In
262858863,Welcome To The Dancefloor (Video Edit),ItaloBrothers
270137067,Paxi Fixi (Original Mix),Finger & Kadel
262180222,Uptown Funk (Instant Party Remix),Mark Ronson Feat. Bruno Mars
52442486,DJ Got Us Fallin' In Love,Usher Feat. Pitbull
265519840,Loca (Extended Mix),Mario Bischin
163832622,Intoxicated,Martin Solveig & GTA
255133339,Uptown Funk (Will Sparks Remix),Mark Ronson Feat. Bruno Mars
247750,Boombastic,Shaggy
10618232,La Bomba,King Africa
234782921,Lean On,Major Lazer Feat. MØ & DJ Snake
163075623,Bang!,Chuckie & Diamond Pistols Feat. Hyper Crush
262098276,Bitch Better Have My Money (R3hab Remix),Rihanna
5172372,That Don't Impress Me Much,Shania Twain
41346481,Kylie,Akcent
153449550,The Nights,Avicii
93080379,Builder,JOEYSUKI
220146250,Don't Stop The Madness,Hardwell & W&W Feat. Fatman Scoop
220298303,One Heart (DJ Cerla & DJ Cillo Radio Edit),ItaloBrothers & Floorfilla Feat. P. Moody
241450869,Don't Look Down,Martin Garrix Feat. Usher
251221346,Legend,Vinai
240727122,Booty Bounce,Tujamo
52708605,Leisha's World (Westlake Remix),Phunktastike
119205187,Cheerleader (Felix Jaehn Remix Radio Edit),Omi
218710804,Wonderland (Original Edit),Scotty & Ambrose
235969478,Outside (Hardwell Remix),Calvin Harris Feat. Ellie Goulding
235733235,Secrets,Tiësto & KSHMR Feat. Vassy
227704799,I Love It When You Cry (Moxoki),Steve Aoki & Moxie Raia
69179789,To The Sky (Jerome Isma-Ae Remix),SL Curtiz & Domovnik & Majuri
227936478,Bust Dem,Henry Fong & D.O.D
98059974,Jetfuel,Uberjakd & Joel Fletcher Feat. Cris Gamble
102073703,Dechorro,Deorro
99957723,Swing (Original Mix),Savage
98797672,Bootie In Your Face,Deorro
105635731,Melbourne Bounce (Deorro Remix),Orkestrated & Fries & Shine Feat. Big Nab
92025732,Somebody Scream (Joel Fletcher Remix),Dirt Cheap
147833144,Like That,Bassjackers
60376624,Call Me A Spaceman,Hardwell Feat. Mitch Crown
94557118,Drunk Arcade,Bombs Away
61690316,Night Sky (Max Van Haiden Remix),DJ Deep K
103536470,I Am (Deorro Remix),Sick Individuals & Axwell Feat. Taylr Renee
127755437,Get Ready 2013 (Steve Aoki Extended Mix),2 Unlimited
48596076,Come On (Original Mix),Javi Mula
97652118,Get Ready (Steve Aoki Extended),2 Unlimited
121671479,Bootcamp,Jay Hardway
54615632,Federique Is My Party No Stop,Anthony P
110379046,Raise Your Hands,Ummet Ozcan
53679852,Tung! (Original Mix),Deniz Koyu
67302585,Spaceman (Carnage Festival Trap Remix),Hardwell
10565793,Gangsta's Paradise (Dangerous Minds),Coolio Feat. L.V.
101080996,Whistle Bounce,Uberjak'd
134785055,Into The Lab,David Prap & Willy Real
64243591,Beam Me Up (Kill Mode),Cazzette
3003804,Pump Up The Jam,D.O.N.S. Feat. Technotronic
54002080,Come On (Robbie Moroder Remix),Javi Mula
150070722,"Bochka, Bass, Kolbaser",XS Project
52158381,Dance To (I Wanna F**k You Baby),Sydney-7
69489138,Get Up (Rattle;Vocal Extended),Bingo Players Feat. Far East Movement
105065674,My Love (Royal-T Remix),Route 94 Feat. Jess Glynne
109858555,Freak,Steve Aoki & Diplo & Deorro Feat. Steve Bays
129747587,Back To Earth,Steve Aoki Feat. Fall Out Boy
154750849,My Love [Annie Mac Festival Edit],Route 94 Feat. Jess Glynne
68402319,Ti Sento (Waverider Remix Extended Version),Technoboy
143094666,Rambo (Hardwell Mix),Deorro & J-Trick
93623812,You Make Me,Avicii
49183568,Sunshine Day (Extended Mix),Bodybangers
53752985,Epic,Sandro Silva & Quintino
40026111,Yeah!,Usher Feat. Lil' Jon & Ludacris
102813036,Pallaroid,Thomas Newson
46768414,Show Me Love,Steve Angello & Laidback Luke Feat. Robin S.
134878287,A Sky Full Of Stars (Hardwell Remix),Coldplay
156719895,Inti Raymi,Vruno
5174224,Wonderwall,Oasis
144863481,Turn Up The Speakers,Afrojack & Martin Garrix
110794573,"Nrg (Skrillex, Kill The Noise, Milo & Otis Remix)",Duck Sauce
106798424,Flashlight,R3hab & Deorro
87005482,Song 2 (Original Mix),Criminal Vibes
57623305,Bla Bla Bla 2k10 (Armin Prayd Meets Andy Latoggo Radio Cut),Bootmasters Feat. Gigi D'agost
56932653,Rattle (Original Edit),Bingo Players
103192080,Hideaway,Kiesza
105667086,Waves (Robin Schulz Remix),Mr. Probz
142936278,Five Hours (Don't Hold Me Back),Deorro Feat. DyCy
62471820,Life Line (Original Mix),D1ma DeeP
216077,Here With Me,Dido
143874459,Polluted (Taito Remix),TJR
53721933,You Win (Extended Version),Marcover
44334752,Living On Video (Noot's Vocal Radio Edit),Pakito
123937024,Clapper (Original Mix),Dirty Rush & Gregor Es
102915940,Encore,Makj & Henry Fong
140357687,Astronomia,Vicetone & Tony Igy
105599092,Five Hours,Deorro
113830752,Bounce Generation,TJR & VINAI
104854210,Crackin (Martin Garrix Edit),Bassjackers
46114634,To France 2008 (DJ Gollum Radio Edit),Liz Kay
11223069,Exploration Of Space,Cosmic Gate
132893874,Backlash (Martin Garrix Edit),DubVision
89551205,"Happy (From Despicable Me 2"")""",Pharrell Williams
67421845,Blackout (Danny Corten Club Remix),Milk Inc.
124133852,Happy (Sevag Area-201 Remix),Pharrell Williams
122880523,If The Sky Comes Falling Down (In Love Remix-DJ Mashup Mix 10),DJ Dirty Dave
57253998,Noizer (Original Mix),Quit
89604496,Love Me Again (Gemini Remix),John Newman
224681,In The Air Tonite,Lil' Kim & Phil Collins
52756857,Sail,AWOLNATION
84200470,Boy Oh Boy,Diplo & GTA
122340072,Heaven,Modana & Tony T.
129804081,Bombs (Sandro Silva Remix),X-Vertigo Feat. Gia
53496775,Miss Sunshine,R.I.O.
109731918,Sending You Out Of Space (Extended Mix),Crew Cardinal
108832703,Save My Night (Blasterjaxx Radio Edit),Armin Van Buuren
96191042,Turn Down For What,DJ Snake & Lil Jon
88700471,Ah Yeah,Will Sparks
119064444,Uh La La La (Extended Mix),Rob & Chris
104703003,The Black Pearl (Bodybangers Edit),Scotty
105163007,Mystica (Werewolf;Extended Mix),BlasterJaxx
104552139,Rocknnrolla (Vinai Remix),Besford Feat. Manu Lj
88375183,Ready Or Not (Extended Mix),R.I.O. Feat. U-Jean
42294760,Jump Around,House Of Pain
67650982,Dirty Girl (Friday Mix),La Chris
94647626,Can You Feel It,Max Farenthide
107668267,Howl At The Moon (Original Mix),Stadiumx & Taylr Renee
45830704,Meet Her At The Love Parade (Olav Basovski Surplus Remix),Da Hool
100411118,The Spark (Tiësto Vs. Too Loud Edit),Afrojack Feat. Spree Wilson
105164425,Raveology,DVBBS & Vinai
107090673,Hey Mister,Tujamo
101207128,Rhythm Is A Dancer (Happy Electro Mix),Christopher S & Mike Candys Feat. Antonella Rocco
57902285,I Like To Move It,Reel 2 Real Feat. The Mad Stuntman
100837407,Da Bop,WTF!
11094654,How Much Is The Fish?,Scooter
99168469,Zaleilah (Extended),Mandinga
49639209,Parapapapapa (Single Version),Loona
40293912,YMCA (Radio),Dub Jay & Village People
98933935,Fading Like A Flower (Club Radio Mix),Dan Winter
93876865,Everybody (Club Mix),Mike Candys Feat. Evelyn & Tony T
61545346,Call Me Maybe (Manhattan Clique Remix),Carly Rae Jepsen
98202925,Undressed,Kim Cesarion
94507357,Cuba 2012 (DJ Rebel Streetdance 2 Remix),Latin Formation
99638273,Dance! (Kutalek & Biedermann Radio Edit),Lumidee & Fatman Scoop
68189868,Making Luv (Extended Mix),Bbx
59045718,Green Awakening (Original Mix),Atem Niblz
105637695,Flute,New World Sound & Thomas Newson
53058452,Smells Like Teen Spirit (Original Mix),Nari & Milani
99848149,Dark Horse,Katy Perry Feat. Juicy J
105873727,King (Original Extended Mix),Ahzee
99796372,Pornstar,Niels Van Gogh
104733452,Revolution (Vocal Mix),R3hab & NERVO & Ummet Ozcan
102569817,Toca Toca,Fly Project
102184995,Party Around The World (Michael Mind Project Radio Edit),Carlprit Feat. CVB
89296943,Agharta - The City of Shamballa,Afrika Bambaataa & Westbam
81276334,Slow Down,SHOWTEK
101845579,Teardrops (Rapless Video Edit),Crew Cardinal Feat. Jo Shine
97941859,Indigo (Original Mix),Jdg
87537067,Queef,Trap Mega & Deorro
40814086,L'amour Toujours,Gigi D'Agostino
103342223,Heaven & Hell,Mike Candys Vs. Shaun Baker Feat. Evelyn
84854937,Good Vibrations,Marky Mark
63231666,Footloose,Kenny Loggins
95889766,Melbourne Bounce,Orkestrated & Fries & Shine Feat. Big Nab
90838987,Wake Me Up,Avicii
77843646,Reload,Sebastian Ingrosso & Tommy Trash & John Martin
